{
  "drive": {
    "p": 0.0001,
    "i": 0,
    "d": 0,
    "f": 0.003,
    "iz": 0
  },
  "angle": {
    "p": 0.01,
    "i": 0.00000,
    "d": 0.00000,
    "f": 0,
    "iz": 0
  }
}